Integer sit viverra sed ut?,44,http://www.youtube.com/watch?v=DvBe3NyE
Ipsum id aliquet sed tristique.,284,http://www.youtube.com/watch?v=6cqXev7f
Pede scelerisque varius dapibus feugiat?,64,http://www.youtube.com/watch?v=HoczpxVh
Vestibulum elementum luctus dis pulvinar!,23,http://www.youtube.com/watch?v=1MC2QWbx
Turpis urna velit eget semper?,22,http://www.youtube.com/watch?v=nw24a1Tm
Fermentum ut libero pede at?,135,http://www.youtube.com/watch?v=x6SiL88a
Porta felis parturient pulvinar nec.,147,http://www.youtube.com/watch?v=2SFvkqx4
Tempus nulla vulputate eu venenatis?,158,http://www.youtube.com/watch?v=VBBYLLcq
Sed sapien dapibus hac odio.,281,http://www.youtube.com/watch?v=CF2RW3fU
Porttitor dictumst quisque ante erat?,190,http://www.youtube.com/watch?v=JWX1pl0d
Integer eget erat maecenas ipsum?,84,http://www.youtube.com/watch?v=v5C2WnQx
Pede vehicula quis sed turpis.,87,http://www.youtube.com/watch?v=GMP3D6OM
Libero suscipit massa ac volutpat?,65,http://www.youtube.com/watch?v=UGPBeRWy
Nisl lorem sed porttitor tincidunt!,229,http://www.youtube.com/watch?v=wXgPxyPz
Fringilla vulputate placerat justo donec.,172,http://www.youtube.com/watch?v=ZtHRCD4I
Mattis ipsum habitasse nunc consectetuer?,290,http://www.youtube.com/watch?v=YsqTkxen
Eget elementum volutpat vestibulum lacus!,187,http://www.youtube.com/watch?v=u3LBGMUJ
Posuere id ante sem et?,34,http://www.youtube.com/watch?v=shvm4dqV
Convallis nulla eget ligula in.,62,http://www.youtube.com/watch?v=sPQW2Gbl
Morbi maecenas nunc lectus id!,266,http://www.youtube.com/watch?v=95eYnHdQ
Lobortis mauris magnis non ultrices.,246,http://www.youtube.com/watch?v=SfoBvxF9
Eros eu sed interdum aliquam!,58,http://www.youtube.com/watch?v=8HHRj9bo
Venenatis in justo imperdiet sit.,226,http://www.youtube.com/watch?v=P2bQrV4N
Non curae potenti suscipit rhoncus?,106,http://www.youtube.com/watch?v=LObv6SOa
Lobortis posuere magna eget purus.,84,http://www.youtube.com/watch?v=qh7PmCwB
Accumsan turpis in interdum non!,236,http://www.youtube.com/watch?v=fVFbzcrD
Amet ultrices felis praesent nisl.,13,http://www.youtube.com/watch?v=qyuki5pB
Cubilia ipsum suspendisse ac tempus?,108,http://www.youtube.com/watch?v=Iisigr3I
Vel penatibus vestibulum primis nisi.,125,http://www.youtube.com/watch?v=BzmB8BJT
Risus est vestibulum lacus turpis!,93,http://www.youtube.com/watch?v=IQbsSLz8
In luctus turpis dictumst pede.,203,http://www.youtube.com/watch?v=50E2rQOP
Nullam nunc tortor vehicula vel!,93,http://www.youtube.com/watch?v=bPdmufaY
Praesent nullam ante luctus in?,206,http://www.youtube.com/watch?v=wmAM18Ai
A vestibulum elementum bibendum in?,182,http://www.youtube.com/watch?v=gSmQszE9
Rhoncus at consectetuer nec sed?,140,http://www.youtube.com/watch?v=ru8stX79
In rutrum nunc potenti sit.,75,http://www.youtube.com/watch?v=JZ1v1w9I
Lacinia lorem at ultrices massa.,37,http://www.youtube.com/watch?v=5u9nBezV
In morbi etiam non a?,153,http://www.youtube.com/watch?v=fwsfHlwi
Libero morbi etiam pede blandit?,217,http://www.youtube.com/watch?v=ykMIPa6L
Eros rutrum ut nulla lorem!,185,http://www.youtube.com/watch?v=CHffrmpH
Risus nec sociis amet sagittis!,298,http://www.youtube.com/watch?v=GGVseKD4
Eu purus donec platea nullam.,135,http://www.youtube.com/watch?v=ZzcSQ2wy
Eu nulla posuere mus consequat!,211,http://www.youtube.com/watch?v=6ClPBHwn
Morbi odio ullamcorper placerat sed?,106,http://www.youtube.com/watch?v=zG5C0ihK
In et sollicitudin est platea!,120,http://www.youtube.com/watch?v=wNM7K45E
Enim amet natoque ac quam.,25,http://www.youtube.com/watch?v=9N5UI4ee
Suspendisse vestibulum eu fusce justo?,152,http://www.youtube.com/watch?v=EG8B2j9T
At eu sed pellentesque egestas?,136,http://www.youtube.com/watch?v=vUF1hlWc
Adipiscing duis libero a erat?,112,http://www.youtube.com/watch?v=cw88Ia58
Eu vulputate cras ipsum ligula.,188,http://www.youtube.com/watch?v=BV5RRGYQ
In potenti nunc sociis massa.,225,http://www.youtube.com/watch?v=Zk7glJMT
Posuere ut vestibulum viverra et?,111,http://www.youtube.com/watch?v=cMnxkda8
Curabitur mauris imperdiet arcu at.,111,http://www.youtube.com/watch?v=dohemOjh
A praesent nulla placerat cubilia?,138,http://www.youtube.com/watch?v=c6by546k
Suscipit eros augue velit ipsum?,121,http://www.youtube.com/watch?v=2x4XCDj5
Lorem odio sit pede blandit.,130,http://www.youtube.com/watch?v=blzvf2ys
Cubilia odio pede turpis at.,146,http://www.youtube.com/watch?v=cznTyMmt
Ultrices diam hac pede ligula!,11,http://www.youtube.com/watch?v=tQCQJhfN
Lorem montes eget blandit augue?,238,http://www.youtube.com/watch?v=jccufq9E
Platea magna dapibus morbi fusce.,266,http://www.youtube.com/watch?v=MWN3Dlmc
Penatibus vestibulum magna aliquet fringilla!,265,http://www.youtube.com/watch?v=w5O9Jl4h
Viverra diam elementum at consectetuer!,160,http://www.youtube.com/watch?v=AYea9nox
Bibendum suspendisse magnis neque vestibulum!,290,http://www.youtube.com/watch?v=0evavLgg
Sapien at tincidunt cras ultrices.,283,http://www.youtube.com/watch?v=cq04Nmue
Hac nam congue tortor donec.,59,http://www.youtube.com/watch?v=Npr6sUoO
Pellentesque sed turpis ut habitasse.,77,http://www.youtube.com/watch?v=6cmxIxxc
Suspendisse maecenas velit posuere quam?,185,http://www.youtube.com/watch?v=at4NaMLt
Enim felis felis sit vitae?,231,http://www.youtube.com/watch?v=NArbpcPd
Suspendisse sit nibh morbi dui!,97,http://www.youtube.com/watch?v=uNPQw6lz
Urna proin pede pellentesque vel.,105,http://www.youtube.com/watch?v=4pixDUyx
Sit at nulla elementum aenean!,178,http://www.youtube.com/watch?v=aIg2D7x0
Rhoncus aliquet erat mauris nibh!,130,http://www.youtube.com/watch?v=ezsiDyVA
Aliquam imperdiet sodales in nisl!,157,http://www.youtube.com/watch?v=9g1Kpn1P
Diam vel nulla potenti orci.,82,http://www.youtube.com/watch?v=UxcjNHS6
Vehicula euismod porttitor integer justo?,20,http://www.youtube.com/watch?v=7tW2CQfW
Euismod nulla lobortis mus pellentesque.,239,http://www.youtube.com/watch?v=WRpTYfTw
In et risus etiam nunc!,217,http://www.youtube.com/watch?v=0zKaPWSo
Sapien nullam duis lectus turpis?,113,http://www.youtube.com/watch?v=Zi7ycL4N
Ultrices nibh maecenas pharetra risus?,147,http://www.youtube.com/watch?v=muviCIKY
Mi tempus ipsum vulputate accumsan?,23,http://www.youtube.com/watch?v=hR4RLuw6
Posuere semper nonummy eu diam!,189,http://www.youtube.com/watch?v=j004XeH0
Magna quam pharetra sit vel!,128,http://www.youtube.com/watch?v=ha6i7W8J
Sem lorem rutrum id tortor!,170,http://www.youtube.com/watch?v=PjWsLw1l
Magna pede mauris tempor purus?,161,http://www.youtube.com/watch?v=UqqxdCag
Laoreet lacinia quam aenean morbi!,174,http://www.youtube.com/watch?v=1IHWt38a
Odio purus volutpat congue sem.,93,http://www.youtube.com/watch?v=F2Cf9nLr
Viverra ultricies in ultrices volutpat?,239,http://www.youtube.com/watch?v=vQGt88Oq
Pede id penatibus vestibulum ut.,171,http://www.youtube.com/watch?v=mpxaO88v
In purus orci nec luctus.,231,http://www.youtube.com/watch?v=NhEk9RNU
Ut sed dictumst quam at!,93,http://www.youtube.com/watch?v=mM8YlelY
Platea non posuere nulla tempus!,116,http://www.youtube.com/watch?v=G4xcVqOb
Non elementum ornare augue habitasse.,207,http://www.youtube.com/watch?v=lAzfF5B3
Vestibulum vulputate dictumst lacinia molestie.,299,http://www.youtube.com/watch?v=fLGjXakE
Dolor risus magna volutpat pede?,214,http://www.youtube.com/watch?v=C649UYzP
Orci est turpis maecenas sed?,109,http://www.youtube.com/watch?v=RGhGC7Tb
Dolor dictumst ac mauris varius?,179,http://www.youtube.com/watch?v=sMcVoY8K
Id duis mauris velit iaculis!,40,http://www.youtube.com/watch?v=B5RfgLhR
Id diam nec sem mus?,266,http://www.youtube.com/watch?v=nMrlRmcd
Nec fusce libero sapien sed!,19,http://www.youtube.com/watch?v=GhUFYKdY
Sem nullam neque lorem pede!,39,http://www.youtube.com/watch?v=oRtBLQgY
